2022-02-26 15:20:47,povodilnik,mega_venik,eeee
2022-02-26 15:21:56,povodilnik,avvallack,аааааааааааа
2022-02-26 15:23:21,povodilnik,mega_venik,T_T
2022-02-26 15:24:18,povodilnik,lagodatmu05,"¬ce что теб€ нaдо знaтb o болbшom онлайне, нanuшu в гугл ""стрим хаб шоп"""
2022-02-26 15:30:45,povodilnik,vil_povodilnik,SabaPing
2022-02-26 15:32:33,povodilnik,fleece_,"ѕришла расплата за шашлычные, каль€нные и молочные спа"
2022-02-26 15:41:16,povodilnik,vil_povodilnik,погрустнели...переживаем за наших реб€т!
2022-02-26 15:45:01,povodilnik,avvallack,¬арта живи!!!!!!
2022-02-26 15:45:01,povodilnik,avvallack,¬арта живи!!!!!!
2022-02-26 15:50:51,povodilnik,vil_povodilnik,—ина - любовб мо€!
2022-02-26 15:50:51,povodilnik,vil_povodilnik,—ина - любовб мо€!
2022-02-26 15:56:27,povodilnik,mega_venik,што происходит
2022-02-26 15:56:27,povodilnik,mega_venik,што происходит
2022-02-26 15:56:29,povodilnik,mega_venik,€ всЄ пропустил
2022-02-26 15:56:29,povodilnik,mega_venik,€ всЄ пропустил
2022-02-26 15:57:12,povodilnik,mega_venik,¬ќ“ Ё“ќ —ј”Ќƒ ƒ»«ј…Ќ
2022-02-26 15:57:12,povodilnik,mega_venik,¬ќ“ Ё“ќ —ј”Ќƒ ƒ»«ј…Ќ
2022-02-26 15:58:02,povodilnik,vil_povodilnik,трое куда-то портанулись загл€нув в книгу. ¬арта почти мертва. —ина спасать пошел ее
2022-02-26 15:58:02,povodilnik,vil_povodilnik,трое куда-то портанулись загл€нув в книгу. ¬арта почти мертва. —ина спасать пошел ее
2022-02-26 16:05:05,povodilnik,mega_venik,@vil_povodilnik ЄЄЄЄЄЄперный театр
2022-03-11 13:26:03,burkeblack,projectfraz,1
2022-03-11 13:26:05,burkeblack,gortexx,<
2022-03-11 13:26:06,burkeblack,xreadyaimmissx,cohhO
2022-03-11 13:26:07,burkeblack,immawizard_,This must be why we cant get 3080s Kappa
2022-03-11 13:26:09,burkeblack,fourdown,"can you play on 2 devices at once? like an epic game on the laptop with GFN, and still run normal steam on the desktop?"
2022-03-11 13:26:17,burkeblack,inevitablechoice,It works on tvs?? LUL
2022-03-11 13:26:22,burkeblack,spoonbadnews,1
2022-03-11 13:26:34,burkeblack,masterxblazter,@ImmaWizard_ That and the miners
2022-03-11 13:26:49,burkeblack,gortexx,this is pretty amazing i cant wait to try this out when im on lunch breaks haha no sitting around bored out of my mind..
2022-03-11 13:26:57,burkeblack,xreadyaimmissx,"@InevitableChoice yup, I play stuff with geforce now on my tv in the living room."
2022-03-11 13:27:32,burkeblack,splain13,IsnТt it the Nvidia shield?
2022-03-11 13:27:44,burkeblack,inevitablechoice,"Question, how does it store your games save files? If it saved onto your computer or is it cloud saves only?"
2022-03-11 13:28:49,burkeblack,fourdown,working pretty well for me here.. opened destiny 2 and ran smooth.. never was worth the huge download for me
2022-03-11 13:28:57,burkeblack :u need to make evry part of the swort and put it to getter,avalon_scorpion,s
2022-03-11 13:29:02,burkeblack,the_kraken_bot,ACTION Get a 2-year plan PLUS 1 additional month with a HUGE discount until Feb 10th! It's risk free with Nord's 30 day money-back guarantee! https://burke.black/NordVPN Coupon Code: burkeblack
2022-03-11 13:29:09,burkeblack,optimuswrex,free option needs no payment method on file BTW
2022-03-11 13:29:25,burkeblack,xreadyaimmissx,"@BurkeBlack they are probably talking about the remoteplay option some games have. that allows both people to play at the same time, but only one person needs to own the game. steams family thing doesn't allow both people to play at the same time. so when my husband is playing one of my games from his account, he gets bopped the second I start playing a game from my steam account."
2022-03-11 13:29:54,burkeblack,jimwh0,ijpONO
2022-03-11 13:30:09,burkeblack,brotherhovis,@xReadyAimMissx he might be talking about gamepass games using gfn
2022-03-11 13:30:41,burkeblack,xreadyaimmissx,@BrotherHovis no because they were playing steam games.
2022-03-11 13:30:45,burkeblack,optimuswrex,you cant play a game on GFN that you own on steam while you are running a game on regular steam BTW
2022-03-11 13:30:47,burkeblack,sshen13,@xreadyaimmissx wait so the steam family thing doesnТt allow remote play? IТm confused
2022-03-11 13:31:19,burkeblack,brotherhovis,"@xReadyAimMissx ah i see, i wondered if he mistook steam games for games on gamepass"
2022-03-11 13:31:36,burkeblack,fourdown,"@OptimusWrex i figured that, but what about an epic store game and steam at the same time"
2022-03-11 13:31:37,burkeblack,vars95,"@sshen13 no, you have to install it on the computer you're using."
2022-03-11 13:31:51,burkeblack,xreadyaimmissx,"@sshen13 so I have my husband and one other person added to my ""family"" on steam. both of them at any time can play one of my games, but once I open a game. it tells them I started playing and they get bopped."
2022-03-11 13:32:05,burkeblack,optimuswrex,you be the scientician @fourdown
2022-03-11 13:32:38,burkeblack,sshen13,@vars95 @xreadyaimmissx what if itТs multiplayer game we want to play together like overcooked or wwe2k22
2022-03-11 13:32:52,burkeblack,xreadyaimmissx,@sshen13 there is however a feature for certain games that allows remoteplay and only one person needs to own the game. I know it works with the overcooked games.
2022-03-11 13:33:06,burkeblack,xreadyaimmissx,@sshen13 jinx LUL
2022-03-11 13:33:10,burkeblack,sshen13,I see so it depends on the game. I always thought itТs steam feature
2022-03-11 13:33:28,burkeblack,optimuswrex,"the not needing a payment method on file is a big deal,  I think you should make mention of that more"
2022-03-11 13:33:31,burkeblack,xreadyaimmissx,"it is a steam feature, but the game itself has to allow it."
2022-03-11 13:33:52,burkeblack,optimuswrex,people dont like putting their financials on so many things
2022-03-11 13:33:56,burkeblack,sshen13,Ya I mean I always thought all games on steam has it since itТs well steam feature burkeLul
2022-03-11 13:34:22,burkeblack,optimuswrex,at least for the free option
2022-03-11 13:34:29,burkeblack,xreadyaimmissx,"@sshen13 yeah that's understandable, I wish they all used that feature too."
2022-03-11 13:36:10,burkeblack,avalon_scorpion,place the mold some where els. i think next to the envil
2022-03-11 13:36:24,burkeblack,vanbear,there was a sale for games with remote play just a few days ago
2022-03-11 13:36:55,burkeblack,riseriseriserise,"LMAO this game is hilarious. I'm playing the free prologue right now. It feels like someone made this for their high school senior project but not with english as a first language. just talked to some guy who said ""what do you thing i'm doing? I need you to move men"""
2022-03-11 13:37:13,burkeblack,riseriseriserise,"thing, not think"
2022-03-11 13:37:19,burkeblack,riseriseriserise,tons of typos
2022-03-11 13:37:23,burkeblack,cmburns42,opsie
2022-03-11 13:37:29,burkeblack,sshen13,This game is early access I assumeЕ and hope
2022-03-11 13:37:33,burkeblack,gridbug86,bunnnWow gravity is weird
2022-03-11 13:37:35,burkeblack,vanbear,yeah I kinda hate this game
2022-03-11 13:37:37,burkeblack,zaince,"@RiseRiseRiseRise You'd move men in middle ages, dontcha kno D:"
2022-03-11 13:37:42,burkeblack,gammelfarbror,"Cheap blade, 25% off"
2022-03-11 13:37:50,burkeblack,mahoraz,its the Russians Kappa
2022-03-11 13:37:52,burkeblack :u need more steel in the mold,avalon_scorpion,D
2022-03-11 13:38:02,burkeblack,riseriseriserise,@Zaince burkeLul
2022-03-11 13:38:32,burkeblack,t1tristanferguson,@BurkeBlack What did u do?
2022-03-11 13:38:50,burkeblack,sshen13,He Burked it
2022-03-11 13:38:58,burkeblack,cmburns42,wood
2022-03-11 13:39:01,burkeblack,the_kraken_bot,"ACTION GeForce NOW cloud gaming service lets you play the games you own from digital stores on nearly any device: PC, Mac, Mobile, or even in Chrome! Check it out here: https://burke.black/GeForceNOW"
2022-03-11 13:39:05,burkeblack,avalon_scorpion,pick up a new mold an put 2 ignots in the pot
2022-03-11 13:39:36,burkeblack,t1tristanferguson,Oh @BurkeBlack you had one job.
2022-03-11 13:39:37,burkeblack,zaince,"@RiseRiseRiseRise Thats the thing with Steam nowadays, tho, seems to be full off college / mid school project type off games"
2022-03-11 13:39:42,burkeblack,samasulee,"yup... ""streaming over your network not recommended""  oh the pleb life is wonderful"
2022-03-11 13:40:01,burkeblack,thesuperkosh,checked out gfn pretty impressed ! buttery smooth on my end
2022-03-11 13:40:04,burkeblack,dan_nukem,lol
2022-03-11 13:40:31,burkeblack,thatoglife,Can you pump the belows?
2022-03-11 13:40:51,burkeblack,gortexx,need some tongs lol
2022-03-11 13:40:57,burkeblack,dan_nukem,@Samasulee u need at lest 25ms also 50ping i think
2022-03-11 13:40:57,burkeblack,jimwh0,"Ok, so, who wasnТt relaxed? ijpNO"
2022-03-11 13:40:57,burkeblack,cmburns42,can't you open the crucible with thongs?
2022-03-11 13:41:05,burkeblack,xunii2,LUL
2022-03-11 13:41:07,burkeblack,koderaheen,your lacking coal not wood
2022-03-11 13:41:07,burkeblack,samasulee,1280 at 30fps ... I've played worse lol
2022-03-11 13:41:10,burkeblack,gortexx,rofl
2022-03-11 13:41:10,burkeblack,hexcryptogaming,lol
2022-03-11 13:41:11,burkeblack,cmburns42,LUL
2022-03-11 13:41:11,burkeblack,nerdbite,Good morning
2022-03-11 13:41:15,burkeblack,kanuck654,hahahahaha
2022-03-11 13:41:19,burkeblack,avalon_scorpion,lol. it will keel
2022-03-11 13:41:20,burkeblack,sshen13,@cmburns42 I like your spelling error there
2022-03-11 13:41:24,burkeblack,koderaheen,lol
2022-03-11 13:41:25,burkeblack,devistat,Just storing it in the ground for later
2022-03-11 13:41:27,burkeblack,nerdbite,burkeHmm
2022-03-11 13:41:33,burkeblack,skarrface_,Playing no mans sky with my xbox controller on my phone.....tad small but works pretty good =)
2022-03-11 13:41:41,burkeblack,cmburns42,"@sshen13 wait, what spelling error? LUL"
2022-03-11 13:41:42,burkeblack,gortexx,there was tongs right there
2022-03-19 17:51:27,povodilnik,avvallack,ћиша лучше всех:)
2022-03-19 18:14:32,povodilnik,avvallack, антрип можно и спел )
2022-03-19 18:14:40,povodilnik,avvallack,ƒва спела нельз€
2022-03-19 18:15:02,povodilnik,sanrinsei,Ѕќ∆≈  ј  ќЌј —„ј—“Ћ»¬ј — Ё“»ћ  »Ќ∆јЋќћ
2022-03-19 18:15:11,povodilnik,sanrinsei,ƒј…“≈ ≈… »Ќ—ѕ»–≈…ЎЌ)
2022-03-19 18:15:31,povodilnik,mega_venik,» отберите нож!
2022-03-19 18:15:37,povodilnik,verrai,“ать€на -лучша€!
2022-03-19 18:15:45,povodilnik,verrai,"“ать€на, € ваш фанат!!!"
2022-03-19 18:20:26,povodilnik,evered__,видео поток от звука отстает. есть у кого такой же эффект?
2022-03-19 18:21:03,povodilnik,sanrinsei,"@Evered__ казалось час назад, сейчас стало норм, но при хорошем интернете немного фризит, возможно потер€ пакетов. ќщущени€ что звук отстаЄт пропало минут 20 назад"
2022-03-19 18:21:20,povodilnik,verrai,"ќтстает, так."
2022-03-19 18:22:28,povodilnik,evered__,"у мен€ просто ребутом страницы решаетс€, но ребутать приходитс€ каждые минут 15"
2022-03-19 18:27:27,povodilnik,verrai,"Ћечитс€, но чат тер€етс€((("
2022-03-19 18:27:47,povodilnik,verrai,≈ййй! ¬се молодцы!
2022-03-19 18:28:00,povodilnik,verrai,“ать€на - лучша€!)
2022-03-19 18:28:10,povodilnik,m_ormo_,“опчик!
2022-03-19 18:28:39,povodilnik :ќгненно,avvallack,)
2022-03-19 18:28:45,povodilnik,avvallack,¬ы молодцы
2022-03-19 18:29:53,povodilnik,verrai,ѕетра не оч.хорошо слышно было(
2022-03-25 12:30:09,xqcow,sultannt,Jebaited Jebaited
2022-03-25 12:30:09,xqcow :PepeLaugh :backhand_index_pointing_right: :two-thirty: PepeLaugh :backhand_index_pointing_right: :two-thirty: PepeLaugh :backhand_index_pointing_right: :two-thirty: PepeLaugh :backhand_index_pointing_right: :two-thirty: PepeLaugh :backhand_index_pointing_right: :two-thirty: PepeLaugh :backhand_index_pointing_right:,glitchybobcat27,two-thirty:
2022-03-25 12:30:10,xqcow,xkey,PepePls
2022-03-25 12:30:10,xqcow,bootypopper237,hhahha
2022-03-25 12:30:10,xqcow,chloromethane,f
2022-03-25 12:30:11,xqcow :lebronJAM,anxiiaive,police_car_light:
2022-03-25 12:30:11,xqcow,samurai_kintsugi,xqcCheer xqcCheer xqcCheer xqcCheer
2022-03-25 12:30:12,xqcow,poisonousbagels,FeelsBadMan THROWING WR
2022-03-25 12:30:12,xqcow :PepeLaugh :backhand_index_pointing_right: :two-thirty: PepeLaugh :backhand_index_pointing_right: :two-thirty: PepeLaugh :backhand_index_pointing_right: :two-thirty: PepeLaugh :backhand_index_pointing_right: :two-thirty: PepeLaugh :backhand_index_pointing_right: :two-thirty: PepeLaugh :backhand_index_pointing_right: :two-thirty: PepeLaugh :backhand_index_pointing_right: :two-thirty: PepeLaugh :backhand_index_pointing_right: :two-thirty: PepeLaugh :backhand_index_pointing_right: :two-thirty: PepeLaugh :backhand_index_pointing_right:,glitchybobcat27,two-thirty:
2022-03-25 12:30:12,xqcow,srcookiemonstr,elisSit
2022-03-25 12:30:13,xqcow,th1sismeha,major time loss lebronJAM
2022-03-25 12:30:13,xqcow,kranedistaken,d
2022-03-25 12:30:13,xqcow,stonetomb_,KIRBY SPEEDRUN OMEGALUL
2022-03-25 12:30:13,xqcow,visual93,Jebaited
2022-03-25 12:30:14,xqcow,bunsen1,nyanPls TrollDespair
2022-03-25 12:30:14,xqcow :lebronJAM :money_bag: :police_car_light: MAJOR BAG ALERT lebronJAM :money_bag: :police_car_light: MAJOR BAG ALERT lebronJAM :money_bag: :police_car_light: MAJOR BAG ALERT lebronJAM :money_bag: :police_car_light: MAJOR BAG ALERT lebronJAM :money_bag: :police_car_light: MAJOR BAG ALERT lebronJAM :money_bag: :police_car_light: MAJOR BAG ALERT lebronJAM :money_bag:,mandymilonakis,police_car_light: MAJOR BAG ALERT
2022-03-25 12:30:14,xqcow,xkey,PepePls
2022-03-25 12:30:15,xqcow,davgonn,TrollDespair LEVEL DESIGNER  TrollDespair LEVEL DESIGNER
2022-03-25 12:30:15,xqcow,wonderbong,"I was thinking about why so many in the radical left participate in УspeedrunningФ  The reason is the leftТs lack of work ethic (Сgo fastТ rather than Сdo it rightТ) and, in a Petersonian sense, to elevate alternative sexual archetypes in the marketplace"
2022-03-25 12:30:16,xqcow,alyjiah17,elj nozavKiss
2022-03-25 12:30:16,xqcow,vurderlak,TrollDespair REFUND TIMER
2022-03-25 12:30:17,xqcow :nyanPls :sparkles: nyanPls :sparkles: nyanPls :sparkles: nyanPls :sparkles: nyanPls :sparkles: nyanPls :sparkles: nyanPls :sparkles: nyanPls :sparkles: nyanPls :sparkles: nyanPls :sparkles: nyanPls :sparkles: nyanPls :sparkles: nyanPls,burncat,sparkles:
2022-03-25 12:30:17,xqcow,theragingwill,10/10 each level or they don't count
2022-03-25 12:30:18,xqcow,fonwn,nyanPls
2022-03-25 12:30:18,xqcow,30:18 Ч :eljulidi1337,PoroSad mods
2022-03-25 12:30:18,xqcow,koldfeesh0,BatChest HES BELIEVING
2022-03-25 12:30:18,xqcow,hasuva,@GameStarioni DEV in chat LULW
2022-03-25 12:30:19,xqcow,freeformfob,forsenPls
2022-03-25 12:30:20,xqcow,galihaut,forsenDespair 1/???
2022-03-25 12:30:20,xqcow,yruiser,PepeLaugh
2022-03-25 12:30:21,xqcow,pvpfrozen,PotFriend
2022-03-25 12:30:22,xqcow ::police_car_light: MAJOR RESET ALERT,gigadonkey,police_car_light:
2022-03-25 12:30:22,xqcow,fonwn,nyanPls
2022-03-25 12:30:23,xqcow,groldra,forsenPls
2022-03-25 12:30:23,xqcow,hnnnnnnnnnnnnnnnng,VeryPog
2022-03-25 12:30:24,xqcow,frrooogg,forsenPls
2022-03-25 12:30:24,xqcow,master_nam_er,@VexNade xqcSus
2022-03-25 12:30:25,xqcow,sadgeok,X PLAYING OUR GAME Aware X PLAYING OUR GAME Aware X PLAYING OUR GAME Aware X PLAYING OUR GAME Aware X PLAYING OUR GAME Aware X PLAYING OUR GAME Aware
2022-03-25 12:30:25,xqcow,yolov4,OMEGALUL
2022-03-25 12:30:26,xqcow,hotdogs322,pepeD
2022-03-25 12:30:26,xqcow,master_nam_er,@VexNade  xqcSus
2022-03-25 12:30:26,xqcow,seannx37,baby games pepeD baby games pepeD baby games pepeD baby games pepeD baby games pepeD baby games pepeD baby games pepeD baby games pepeD baby games pepeD baby games pepeD baby games pepeD baby games pepeD 1
2022-03-25 12:30:27,xqcow,groldra,forsenPls
2022-03-25 12:30:27,xqcow,evolutixn12,OMEGALUP
2022-03-25 12:30:27,xqcow,master_nam_er,@VexNade xqcSus
2022-03-25 12:30:27,xqcow,zaintew,forsenPls
2022-03-25 12:30:28,xqcow,unstablenut,lmfao
2022-03-25 12:30:28,xqcow :imagine  this pink fuck saves your life and just yells at you for being a time loss,30:28 Ч :sandfir1,(
2022-03-25 12:30:28,xqcow,oszuv,"@VexNade, naroISee i rarely see u"
2022-03-25 12:30:29,xqcow,y0urm0mg4y_19391,OMEGALUL
2022-03-25 12:30:30,xqcow,prodmung,"Listen buddy, youТre not a ДSpeedrunnerУ that you think you are, you think breaking the game mechanics and exploiting it makes for a good experience? The Nintendo games are supposed to be very story based and I personally like taking my time with them. You can keep trying to entertain your kids audience. PotFriend"
2022-03-25 12:30:30,xqcow,aurorynaru,PagMan nymnCorn WR PACE PagMan nymnCorn WR PACE PagMan nymnCorn WR PACE PagMan nymnCorn WR PACE PagMan nymnCorn WR PACE PagMan nymnCorn WR PACE
2022-03-25 12:30:30,xqcow,otherworldlyhamburger,@sandfir1 OMEGALUL
2022-03-25 12:30:31,xqcow,zentoro2000,RESET LULW .
2022-03-25 12:30:31,xqcow,delta3388,DEVS TrollDespair
2022-03-25 12:30:31,xqcow,brothermanblade,OMEGALUL
2022-03-25 12:30:31,xqcow,luka873,EZ
2022-03-25 12:30:32,xqcow,40fy_,EZ Clap
2022-03-25 12:30:32,xqcow,zaintew,forsenPls
2022-03-25 12:30:32,xqcow,jamvonn,OMEGALUL ALREADY
2022-03-25 12:30:32,xqcow,zevuxion,xqcDespair
2022-03-25 12:30:33,xqcow,eljulidi1337,PoroSad mods why cant I spam my pasta?
2022-03-25 12:30:33,xqcow,mdpog,no way
2022-03-25 12:30:33,xqcow,frostbytex20,Aware THATS WHY NINTENDO DONT DO SPONSORSHIP Aware THATS WHY NINTENDO DONT DO SPONSORSHIP  Aware THATS WHY NINTENDO DONT DO SPONSORSHIP  Aware THATS WHY NINTENDO DONT DO SPONSORSHIP  Aware THATS WHY NINTENDO DONT DO SPONSORSHIP
2022-03-25 12:30:33,xqcow,tealins,pepeJAM
2022-03-25 12:30:34,xqcow,hotdogs322,lebronJAM
2022-03-25 12:30:34,xqcow,brian6932,nyanPls
2022-03-25 12:30:34,xqcow,airiicckk,EZ
2022-03-25 12:30:34,xqcow,samwiseeeee,RESET
2022-03-25 12:30:35,xqcow,hnnnnnnnnnnnnnnnng,VeryPog
2022-03-25 12:30:35,xqcow,wo0uat,EZ Clap
2022-03-25 12:30:35,xqcow,kaituey,OMEGALUL
2022-03-25 12:30:36,xqcow,pigsku,EZ Clap
2022-03-25 12:30:36,xqcow,fonwn,nyanPls
2022-03-25 12:30:36,xqcow,itsabnerr,OMEGALUL
2022-03-25 12:30:36,xqcow,blishblash,xqcADHD
2022-03-25 12:30:37,xqcow,duckeen,This game is so cute tho
2022-03-25 12:30:37,xqcow,ekinuu,EZ
2022-03-25 12:30:38,xqcow,30:38 Ч :hnnnnnnnnnnnnnnnng,VeryPog
2022-03-25 12:30:38,xqcow,dopiername,EZ
2022-03-25 12:30:39,xqcow,qiyanatoes,Copege IT'S A KID'S GAME Copege IT'S A KID'S GAME Copege IT'S A KID'S GAME Copege IT'S A KID'S GAME
2022-03-25 12:30:39,xqcow,fonwn,nyanPls
2022-03-25 12:30:39,xqcow,freeformfob,forsenPls
2022-03-25 12:30:39,xqcow,jospipo1234,xqcBOZO DEV PACK xqcBOZO DEV PACK xqcBOZO DEV PACK xqcBOZO DEV PACK xqcBOZO DEV PACK
2022-03-25 12:30:40,xqcow,teodorambrosi1,EZ
2022-03-25 12:30:40,xqcow,shellshockedd,xqcSkip
2022-03-25 12:30:41,xqcow,kranedistaken,forsenCD
2022-03-25 12:30:41,xqcow,littleteaow,xqcSkip xqcSkip xqcSkip xqcSkip
2022-03-25 12:30:41,xqcow,prod1gyclb_,PepeLaugh
2022-03-25 12:30:42,xqcow,snail1,whole game is a time loss
2022-03-25 12:30:42,xqcow,jiyouruu,EZ
2022-03-25 12:30:43,xqcow,uav1024,xqcSkip
2022-03-25 12:30:43,xqcow,luka873,OMEGALUL
2022-03-25 12:30:43,xqcow,danierugarcai,BatChest SKIIIIIIIIIIIP
2022-03-25 12:30:44,xqcow,d4rkboii49k,X PLAYING OUR GAME Aware X PLAYING OUR GAME Aware X PLAYING OUR GAME Aware X PLAYING OUR GAME Aware X PLAYING OUR GAME Aware X PLAYING OUR GAME Aware X PLAYING OUR GAME Aware X PLAYING OUR GAME Aware X PLAYING OUR GAME Aware
2022-03-25 12:30:44,xqcow,fonwn,OMEGALUL
2022-03-25 12:30:44,xqcow,w1ttie,BAD ENDING GachiPls BAD ENDING GachiPls BAD ENDING GachiPls BAD ENDING GachiPls BAD ENDING GachiPls BAD ENDING GachiPls BAD ENDING GachiPls BAD ENDING GachiPls BAD ENDING GachiPls BAD ENDING GachiPls
2022-03-25 12:30:45,xqcow,blishblash,OMEGALUL TRUE
2022-03-25 12:30:45,xqcow,cyndattv,OMEGALUL
2022-03-25 12:30:45,xqcow,credipede,This feels like 20 FPS DansGame
2022-03-25 12:30:45,xqcow,fonwn,nyanPls
2022-03-25 12:30:46,xqcow,hnnnnnnnnnnnnnnnng,VeryPog
2022-03-25 12:30:46,xqcow,flummydum,TELL EM'
2022-03-25 12:30:46,xqcow,obliv1ouss,Kappa
2022-03-25 12:30:47,xqcow,feelssunnyman,OMEGALUL
2022-03-25 12:30:47,xqcow,moezab,Aware
2022-03-25 12:30:48,xqcow,captainbob221,true LULW
2022-03-25 12:30:48,xqcow,makutacz,TrollDespair Skip TrollDespair Skip TrollDespair Skip TrollDespair Skip TrollDespair Skip TrollDespair Skip TrollDespair Skip
2022-03-25 12:30:48,xqcow,30:48 Ч :donutdonut77,true
2022-03-25 12:30:48,xqcow,roamingpig,LULW
2022-03-25 12:30:49,xqcow,slikdabadee,D:
2022-03-25 12:30:49,xqcow,sora_3th,this is actually fun tho to watch
2022-03-25 12:30:49,xqcow,skoodge,OMEGALUL
2022-03-25 12:30:50,xqcow,30:50 Ч :ice_theseus,Finish game before refund timer TrollDespair OMEGALUL Finish game before refund timer TrollDespair OMEGALUL Finish game before refund timer TrollDespair OMEGALUL
2022-03-25 12:30:51,xqcow,skyelarx,TrollDespair DEV POV TrollDespair DEV POV TrollDespair DEV POV TrollDespair DEV POV TrollDespair DEV POV TrollDespair DEV POV TrollDespair DEV POV
2022-03-25 12:30:51,xqcow,waterdogweezy,OMEGALUL TRUE
2022-03-25 12:30:51,xqcow,157k____,OMEGALUL
2022-03-25 12:30:51,xqcow,murfie,Oh wow new kirby game is out nice
2022-03-25 12:30:52,xqcow,sweatymology,FreezerTime
2022-03-25 12:30:52,xqcow,hedonimispaiva,PepeLaugh
2022-03-25 12:30:52,xqcow,xkey,PepePls
2022-03-25 12:30:52,xqcow,tealins,squadT
2022-03-25 12:30:53,xqcow,breadylobster,@GameStarioni xqcTakes Chatting
2022-03-25 12:30:53,xqcow,aquaterion,wtf
2022-03-25 12:30:53,xqcow,nisskins,OMEGALUL
2022-03-25 12:30:53,xqcow,poweroftuna,D:
2022-03-25 12:30:54,xqcow,loops93,TrollDespair
2022-03-25 12:30:54,xqcow,dyl_low,Sadge
2022-03-25 12:30:54,xqcow,blackfang547,TRUE
2022-03-25 12:30:55,xqcow,groldra,forsenPls
2022-03-25 12:30:55,xqcow,wo0uat,OMEGALUL
2022-03-25 12:30:56,xqcow,a1legendd,DONATION WITH NOT TTS SADGE
2022-03-25 12:30:57,xqcow,glorifiedpaper,OMEGALUL trueeee
2022-03-25 12:30:57,xqcow,charlssss_,catJAM
2022-03-25 12:30:57,xqcow :TrollDespair :police_car_light: MAJOR DESPAIR ALERT TrollDespair :police_car_light: MAJOR DESPAIR ALERT TrollDespair :police_car_light: MAJOR DESPAIR ALERT TrollDespair :police_car_light: MAJOR DESPAIR ALERT TrollDespair :police_car_light: MAJOR DESPAIR ALERT TrollDespair :police_car_light: MAJOR DESPAIR ALERT TrollDespair :police_car_light: MAJOR DESPAIR ALERT TrollDespair,umbra_partycat,police_car_light: MAJOR DESPAIR ALERT
2022-03-25 12:30:57,xqcow,thisnameunavailable,DEV POV TrollDespair DEV POV TrollDespair DEV POV TrollDespair DEV POV TrollDespair DEV POV TrollDespair DEV POV TrollDespair DEV POV TrollDespair DEV POV TrollDespair DEV POV TrollDespair
2022-03-25 12:30:58,xqcow,jzfd,FeelsWeirdManW
2022-03-25 12:30:58,xqcow,samurai_kintsugi,PepoPopcorn PepoPopcorn
2022-03-25 12:30:59,xqcow,indigoolioo,Aware MY LIFES WORK
2022-03-25 12:30:59,xqcow,aizen212baker,D: meanie
2022-03-25 12:30:59,xqcow,depressy20,TrollDespair
2022-03-25 12:30:59,xqcow,xanfiber,i missed my childs birth to develop this game xqcDespair i missed my childs birth to develop this game xqcDespair i missed my childs birth to develop this game xqcDespair
2022-03-25 12:31:00,xqcow,bangdk_ow,OMEGALUL
2022-03-25 12:31:00,xqcow,teodorambrosi1,FeelsWeirdManW
2022-03-25 12:31:01,xqcow,norman3401,Trueing
2022-03-25 12:31:01,xqcow,saladking115,OMEGALUL Clap
2022-03-25 12:31:01,xqcow,fossabot,@itsMirei xQcOW has been live for 5 hours and 41 minutes
2022-03-25 12:31:02,xqcow,noobchaotic,Devs Pov --> TrollDespair
2022-03-25 12:31:02,xqcow,science_guy,xqcBased
2022-03-25 12:31:02,xqcow,corrosivejake_,D: SAVE HIM
2022-03-25 12:31:03,xqcow,stretchedres,PagMan FALL GUYS
2022-03-25 12:31:03,xqcow,groldra,forsenPls
2022-03-25 12:31:03,xqcow,master_nam_er,@brian6932 xqcL
2022-03-25 12:31:04,xqcow,sheenjawn,this music tho
2022-03-25 12:31:04,xqcow :lebronJAM :money_bag: :police_car_light: MAJOR BAG ALERT lebronJAM :money_bag: :police_car_light: MAJOR BAG ALERT lebronJAM :money_bag: :police_car_light: MAJOR BAG ALERT lebronJAM :money_bag: :police_car_light: MAJOR BAG ALERT lebronJAM :money_bag: :police_car_light: MAJOR BAG ALERT lebronJAM :money_bag: :police_car_light: MAJOR BAG ALERT lebronJAM :money_bag:,mandymilonakis,police_car_light: MAJOR BAG ALERT
2022-03-25 12:31:05,xqcow,karamitsos_,LOOK THE MOMENTUM PogU
2022-03-25 12:31:05,xqcow,mentorrrr,DONO's modCheck DONO's modCheck DONO's modCheck DONO's modCheck DONO's modCheck DONO's modCheck DONO's modCheck DONO's modCheck
2022-03-25 12:31:06,xqcow,remihendrixexp,SKIP GOD FELIX OkayChamp
2022-03-25 12:31:06,xqcow,orizoncpe,20 FPS LULW
2022-03-25 12:31:06,xqcow,groupunicorn,this game isnt boring if ur not skipping through everything
2022-03-25 12:31:07,xqcow,groldra,forsenPls
2022-03-25 12:31:08,xqcow,hotdogs322,pepeJAM
2022-03-25 12:31:08,xqcow,depressy20,I WORKED ON THAT LEVEL WeirdChamp I WORKED ON THAT LEVEL WeirdChamp I WORKED ON THAT LEVEL WeirdChamp I WORKED ON THAT LEVEL WeirdChamp I WORKED ON THAT LEVEL WeirdChamp I WORKED ON THAT LEVEL WeirdChamp I WORKED ON THAT LEVEL WeirdChamp
2022-03-25 12:31:09,xqcow,superflacken,EZ
2022-03-25 12:31:09,xqcow,morcipann,bad game design
2022-03-25 12:31:09,xqcow,sunny2x,:raised_hand_medium_skin_tone: DENIERS
2022-03-25 12:31:10,xqcow,oszuv,"@VexNade, xliceOhIKlee ah"
2022-03-25 12:31:10,xqcow,31:10 Ч :mpowerd,GGG
2022-03-25 12:31:11,xqcow,seb_1520,OMEGALUL
2022-03-25 12:31:11,xqcow,poisonousbagels,EZ TIME
2022-03-25 12:31:11,xqcow,odapopfu,60$ KIDS GAME TrollDespair 60$ KIDS GAME TrollDespair 60$ KIDS GAME TrollDespair 60$ KIDS GAME TrollDespair
2022-03-25 12:31:12,xqcow,bakahala,if you'd actually play the game...
2022-03-25 12:31:12,xqcow,thesmolbird,OMEGALUL
2022-03-25 12:31:12,xqcow,bandit_with_c1,EZ
2022-03-25 12:31:14,xqcow,zaclog,EZ
2022-03-25 12:31:14,xqcow,arachnotastic,xqcCheer
2022-03-25 12:31:15,xqcow,gamestarioni,EZ Clap
2022-03-25 12:31:15,xqcow,obliv1ouss,LULW SO SLOW
2022-03-25 12:31:15,xqcow,brian6932,nyanPls
2022-03-25 12:31:16,xqcow,hnnnnnnnnnnnnnnnng,VeryPog
2022-03-25 12:31:17,xqcow,thesmolbird,EZ Clap
2022-03-25 12:31:17,xqcow,charlssss_,EZ Clap
2022-03-25 12:31:17,xqcow,saltlesser,peepoClap
2022-03-25 12:31:18,xqcow,xkey,EZ  Clap
2022-03-25 12:31:18,xqcow,loops93,EZ Clap
2022-03-25 12:31:19,xqcow,davgonn,EZ
2022-03-25 12:31:20,xqcow,uwumeoow,widepeepoHappy
2022-03-25 12:31:20,xqcow,a1legendd,TTS modCheck TTS modCheck TTS modCheck TTS modCheck
2022-03-25 12:31:21,xqcow,xkey,EZ Clap
2022-03-25 12:31:21,xqcow,vurderlak,TrollDespair I CRUNCHED FOR THIS
2022-03-25 12:31:22,xqcow,amaanwt,WICKED HOLY
2022-03-25 12:31:22,xqcow,haruiswaifu,EZ Clap
2022-03-25 12:31:22,xqcow,memexkami,SKIP SKIP LETS MOVE COME ON xqcS
2022-03-25 12:31:23,xqcow,ulaalu312,PauseChamp WR PACE PauseChamp WR PACE PauseChamp WR PACE PauseChamp WR PACE PauseChamp WR PACE PauseChamp WR PACE
2022-03-25 12:31:23,xqcow,angelsbane,WR PogChimp WR PogChimp WR PogChimp WR PogChimp WR PogChimp WR PogChimp WR PogChimp WR PogChimp WR PogChimp WR PogChimp WR PogChimp
2022-03-25 12:31:23,xqcow,nqnq2,bad game design LULW bad game design LULW bad game design LULW bad game design LULW bad game design LULW
2022-03-25 12:31:24,xqcow,brian6932,"@Master_NaM_er,  vulpes3Pat"
2022-03-25 12:31:24,xqcow,dedirtydee,ACTUALLY WR
2022-03-25 12:31:25,xqcow,freeformfob,Goti gotian1Hug
2022-03-25 12:31:25,xqcow,mreximbo,TrollDespair MY WIFE CHEATED ON ME WHILE WORKING ON THIS GAME
2022-03-25 12:31:25,xqcow,antwanswe,EZ
2022-03-25 12:31:26,xqcow,xkey,EZ Clap
2022-03-25 12:31:26,xqcow,brokenheartedchicken,EZ Clap
2022-03-25 12:31:27,xqcow,udk3_dev,good ol elden skip
2022-03-25 12:31:27,xqcow,i_wud_nvrstop_u,greekJim greekJim greekJim
2022-03-25 12:31:27,xqcow,greenscyanite,OMEGALUL
2022-03-25 12:31:28,xqcow,vurderlak,TrollDespair CRUNCH TIME
2022-03-25 12:31:28,xqcow,lutralink,ages 5 & up Aware
2022-03-25 12:31:28,xqcow,hnnnnnnnnnnnnnnnng,VeryPog
2022-03-25 12:31:29,xqcow,sheenjawn,mario 17
2022-03-25 12:31:29,xqcow,forgettrance,OMEGALUL
2022-03-25 12:31:30,xqcow,aurorynaru,Copege
2022-03-25 12:31:30,xqcow,geniepls,waddle dees nuts
2022-03-25 12:31:31,xqcow,obliv1ouss,Copege
2022-03-25 12:31:31,xqcow,mooniightluna,xqcCheer
2022-03-25 12:31:32,xqcow,otherworldlyhamburger,PogU
2022-03-25 12:31:32,xqcow,kylekjc,elisSleep this gameplay
2022-03-25 12:31:32,xqcow,trancetastic,EZ
2022-03-25 12:31:33,xqcow,master_nam_er,@brian6932 -30 LULE
2022-03-25 12:31:33,xqcow,odinson_op,I AM GIGACHAD
2022-03-25 12:31:33,xqcow,goldlion003,EZ
2022-03-25 12:31:34,xqcow,phatiste,Kirby and the Skipped Land
2022-03-25 12:31:35,xqcow,iznogoodmk,Copege
2022-03-25 12:31:35,xqcow,st3nu_,elden skip PagMan
2022-03-25 12:31:35,xqcow,157k____,Clueless
2022-03-25 12:31:36,xqcow,skyelarx,Copege
2022-03-25 12:31:36,xqcow,wangbangtanglur,PogU
2022-03-25 12:31:36,xqcow :i will,beaganzi,)
2022-03-25 12:31:37,xqcow,moezab,It has to be aproved
2022-03-25 12:31:38,xqcow,far_ttv,TRUE OMEGALUL
2022-03-25 12:31:38,xqcow,jamvonn,Clueless surely
2022-03-25 12:31:38,xqcow,sinisterfaerie,Clueless
2022-03-25 12:31:39,xqcow,eastwind25,Copege
2022-03-25 12:31:39,xqcow,nisskins,Clueless
2022-03-25 12:31:40,xqcow,lsoccer,maybe theres in game time
2022-03-25 12:31:40,xqcow,31:40 Ч :radja9goalin,do another run
2022-03-25 12:31:41,xqcow,ritz1201,Clueless
2022-03-25 12:31:41,xqcow,paulshadowsx,JUST PLAY THE GAME AS YOU PLEASE ironmouseLetsgo
2022-03-25 12:31:41,xqcow,brothermanblade,forsen  monkaW
2022-03-25 12:31:42,xqcow,arinosko,FORSEN  WILL BEAT THIS forsenPls
2022-03-25 12:31:42,xqcow,zeekyboo,Clueless
2022-03-25 12:31:44,xqcow,co2ine,u didn't start the timer earlier
2022-03-25 12:31:44,xqcow,jamz966,YOU'RE NOT EVEN GOING TO FINISH MORON
2022-03-25 12:31:44,xqcow,kanovalentine,PepeLaugh oh no no no
2022-03-25 12:31:45,xqcow,spencerrice,forsenNOIDONTTHINKSO
2022-03-25 12:31:45,xqcow,newfrogs,surely people don't speedrun every game Clueless
2022-03-25 12:31:45,xqcow,tutord,i was here
2022-03-25 12:31:46,xqcow,odapopfu,Clueless ASSUREDLY
2022-03-25 12:31:46,xqcow,snail1,87 more levels
2022-03-25 12:31:47,xqcow,paullyo2,LEADERBOARD OPENS 1ST APRIL LULW LEADERBOARD OPENS 1ST APRIL LULW LEADERBOARD OPENS 1ST APRIL LULW LEADERBOARD OPENS 1ST APRIL LULW LEADERBOARD OPENS 1ST APRIL LULW LEADERBOARD OPENS 1ST APRIL LULW LEADERBOARD OPENS 1ST APRIL LULW LEADERBOARD OPENS 1ST APRIL LULW
2022-03-25 12:31:47,xqcow,scrumblebump,Clueless
2022-03-25 12:31:48,xqcow,shojinv1,ANY % REFUND SPEEDRUN WR OMEGALUL   ANY % REFUND SPEEDRUN WR OMEGALUL   ANY % REFUND SPEEDRUN WR OMEGALUL
2022-03-25 12:31:48,xqcow,fossik,TRUE LULW
2022-03-25 12:31:48,xqcow,arinosko,FORSEN WILL BEAT THIS forsenPls  FORSEN WILL BEAT THIS forsenPls  FORSEN WILL BEAT THIS forsenPls  FORSEN WILL BEAT THIS forsenPls
2022-03-25 12:31:49,xqcow,bolbi77,Clueless
2022-03-25 12:31:49,xqcow,shiroooooooo_,Clueless  119 HOURS MORE
2022-03-25 12:31:49,xqcow,lawljawn,nobody but 4 year olds LULW
2022-03-25 12:31:50,xqcow,vurderlak,TrollDespair
2022-03-25 12:31:50,xqcow,kirat46,Clueless
2022-03-25 12:31:50,xqcow,31:50 Ч :heisssi,FORSEN PepeLaugh TeaTime FORSEN PepeLaugh TeaTime FORSEN PepeLaugh TeaTime FORSEN PepeLaugh TeaTime
2022-03-25 12:31:51,xqcow,smil3m0re,FORSEN WILL
2022-03-25 12:31:51,xqcow,esattt,new meta?
2022-03-25 12:31:51,xqcow,frrooogg,Clueless right...
2022-03-25 12:31:52,xqcow,bruh_dley,OMEGALUL
2022-03-25 12:31:52,xqcow,mikeylokey,LULW
2022-03-25 12:31:52,xqcow,possesssg,xqcOmega
2022-03-25 12:31:53,xqcow,artmaldelay,is this GOTY?
2022-03-25 12:31:53,xqcow,zaintew,forsen already beat it in 10 minutes xqcow eiectrLULE
2022-03-25 12:31:54,xqcow,reap0tr0n,"@xQcOW You need to get whatever YOU do, others will folow"
2022-03-25 12:31:54,xqcow,tunacan_man,Clueless surely no one speedruns this and beta tested it
2022-03-25 12:31:54,xqcow,kaituey,OMEGALUL
2022-03-25 12:31:55,xqcow :I WILL NOT,idkfucoff,)
2022-03-25 12:31:55,xqcow,vurderlak,TrollDespair please
2022-03-25 12:31:55,xqcow,theorcishhorde,PepeLaugh EMIRU
2022-03-25 12:31:56,xqcow,moonhaell,GIGACHAD
2022-03-25 12:31:56,xqcow,mikeyboie,speedruns of this game would actually be sick
2022-03-25 12:31:57,xqcow,gamestarioni,GIGACHAD
2022-03-25 12:31:57,xqcow,abrakadebrah,MY STREAMER
2022-03-25 12:31:57,xqcow,fossabot,xqcL AstrialXema is staying in the jungle using Prime! xqcL Thanks so much for re-subbing xqcL And continuing to support the stream! xqcL
2022-03-25 12:31:58,xqcow,pepegajamers,GIGACHAD No
2022-03-25 12:31:58,xqcow,mossausage,DEV PACK xqcBOZO  DEV PACK xqcBOZO  DEV PACK xqcBOZO  DEV PACK xqcBOZO  DEV PACK xqcBOZO  DEV PACK xqcBOZO
2022-03-25 12:31:59,xqcow,zaintew,forsen  already beat it in 10 minutes xqcow eiectrLULE
2022-03-25 12:31:59,xqcow,d4rkboii49k,You gotta start over
2022-03-25 12:31:59,xqcow,jing1ebell,Game is fun and cute monkaLaugh
2022-03-25 12:32:00,xqcow,reap0tr0n,"@xQcOW You need to get whatever YOU do, others will folow."
2022-03-25 12:32:00,xqcow,32:00 Ч :zometthecomet,GIGACHAD NO CARES
2022-03-25 12:32:00,xqcow,32:00 Ч :frrooogg,GIGACHAD JUST SKIP
2022-03-25 12:32:01,xqcow,redberrett,FORSEN WILL LULW
2022-03-25 12:32:01,xqcow,sadgeok,X PLAYING OUR GAME Aware X PLAYING OUR GAME Aware X PLAYING OUR GAME Aware X PLAYING OUR GAME Aware X PLAYING OUR GAME Aware X PLAYING OUR GAME Aware X PLAYING OUR GAME Aware X PLAYING OUR GAME Aware X PLAYING OUR GAME Aware X PLAYING OUR GAME Aware X PLAYING OUR GAME Aware d
2022-03-25 12:32:02,xqcow,ridgewood_,indica4PepeD
2022-03-25 12:32:02,xqcow,slikdabadee,forsenCD  Here we go agin
2022-03-25 12:32:02,xqcow,vdtxdtc_chf,you didnt time the first levels xqcow NotLikeThis
2022-03-25 12:32:03,xqcow,ramb0aj,reset the time xqcow
2022-03-25 12:32:04,xqcow,aarumz,There's always a nintendo loser who sub 1 hours first day LULW
2022-03-25 12:32:04,xqcow,fonwn,ppHop
2022-03-25 12:32:04,xqcow,fossabot,@gg_ezp xQcOW has been live for 5 hours and 42 minutes
2022-03-25 12:32:04,xqcow,kreep_____,Copege NO ONE WILL BEAT IT
2022-03-25 12:32:05,xqcow,i_wud_nvrstop_u,greekYikes greekYikes greekYikes
2022-03-25 12:32:05,xqcow,oszuv,elisWiggle
2022-03-25 12:32:05,xqcow,mexxycs,Aware x
2022-03-25 12:32:06,xqcow,yuan6ovo,xqcCheer
2022-03-25 12:32:06,xqcow,hnnnnnnnnnnnnnnnng,VeryPog
2022-03-25 12:32:06,xqcow,payneoxy,THE LEADERBOARD DOESN'T OPEN TILL APRIL FIST (NOT A JOKE)
2022-03-25 12:32:07,xqcow,fishyykingyy,hi vex
2022-03-25 12:32:07,xqcow,noologyy,TrollDespair NO TTS TrollDespair NO TTS TrollDespair NO TTS TrollDespair NO TTS
2022-03-25 12:32:07,xqcow,boobooluli,Imagine finish this game under 2hrs and refund  it LULW
2022-03-25 12:32:08,xqcow,rimiro,OMEGALUL -5 SEC
2022-03-25 12:32:08,xqcow,vrlc96,"""SPEEDRUNNING"""
2022-03-25 12:32:09,xqcow,autrayjones,eiectrLULE
2022-03-25 12:32:09,xqcow,hu3ll,TrollDespair DEV POV TrollDespair DEV POV TrollDespair DEV POV TrollDespair DEV POV TrollDespair DEV POV TrollDespair DEV POV TrollDespair DEV POV TrollDespair DEV POV TrollDespair DEV POV TrollDespair DEV POV TrollDespair DEV POV TrollDespair DEV POV TrollDespair DEV POV TrollDespair DEV POV TrollDespair DEV POV
2022-03-25 12:32:09,xqcow,fullpain,DEVS IN SHAMBLES LULW
2022-03-25 12:32:09,xqcow,delaquin,XQC PROFESSIONAL KIRBY SPEEDRUNNER PogU BEAT THIS FORSEN BAJS BatChest
2022-03-25 12:32:10,xqcow,luka873,OMEGALUL
2022-03-25 12:32:10,xqcow,vurderlak,monkaW FORSEN
2022-03-25 12:32:11,xqcow,theatomicoreo,monkaW
2022-03-25 12:32:11,xqcow,halo3dg,OMEGALUL SO BAD
2022-03-25 12:32:11,xqcow,kaliburx3,RESET
2022-03-25 12:32:11,xqcow,sadgeok,X PLAYING OUR GAME Aware X PLAYING OUR GAME Aware X PLAYING OUR GAME Aware X PLAYING OUR GAME Aware X PLAYING OUR GAME Aware X PLAYING OUR GAME Aware X PLAYING OUR GAME Aware X PLAYING OUR GAME Aware X PLAYING OUR GAME Aware X PLAYING OUR GAME Aware X PLAYING OUR GAME Aware X PLAYING OUR GAME Aware
2022-03-25 12:32:12,xqcow,doughnutdoggo,ACTUALLY NO RUNS OMEGALUL ACTUALLY NO RUNS OMEGALUL ACTUALLY NO RUNS OMEGALUL ACTUALLY NO RUNS OMEGALUL
2022-03-25 12:32:12,xqcow,memexkami,PepePls
2022-03-25 12:32:12,xqcow,vexnade,hi FishyyKingyy
2022-03-25 12:32:12,xqcow,fireantman0,gg reset
2022-03-25 12:32:13,xqcow,carryal0t,???????
2022-03-25 12:32:13,xqcow,stephen_31006,OMEGALUL
2022-03-25 12:32:13,xqcow,40fy_,RESET LULW
2022-03-25 12:32:13,xqcow,phnfan,PepeLaugh HE DOESNT KNOW
2022-03-25 12:32:14,xqcow,tennytob,Clueless
2022-03-25 12:32:14,xqcow,360kaboom,Clueless WADDLE DEEZ
2022-03-25 12:32:15,xqcow,haaashbrown,OMEGALUL
2022-03-25 12:32:15,xqcow,samwiseeeee,RESET
2022-03-25 12:32:16,xqcow,inspecter_lj,GG YOU THREW3
2022-03-25 12:32:16,xqcow :@forsen :horse_face: :tf:  @forsen :horse_face: :tf:  @forsen :horse_face: :tf:  @forsen :horse_face: :tf:  @forsen :horse_face: :tf:  @forsen :horse_face: :tf:  @forsen :horse_face:,zsilent77,tf:
2022-03-25 12:32:16,xqcow,bruh_dley,S OMEGALUL BAD
2022-03-25 12:32:17,xqcow,autuu_,Fire only% LMAO
2022-03-25 12:32:17,xqcow,peepoglad___,Reset
2022-03-25 12:32:17,xqcow,groldra,reset eiectrLULE
2022-03-25 12:32:17,xqcow,newfrogs,lost hat LULW
2022-03-25 12:32:18,xqcow,bunsen1,nobody who wants to set a record has $60 yet so this will be the first 5Head
2022-03-25 12:32:18,xqcow,glitchybobcat27,R OMEGALUL LLED R OMEGALUL LLED R OMEGALUL LLED R OMEGALUL LLED R OMEGALUL LLED R OMEGALUL LLED R OMEGALUL LLED R OMEGALUL LLED R OMEGALUL LLED R OMEGALUL LLED
2022-03-25 12:32:19,xqcow,xiaoyang10262,RESET LULW
2022-03-25 12:32:19,xqcow,tura_sepul,7\10 but xidnt ay
2022-03-25 12:57:13,burkeblack,tonethemoan,jeez
2022-03-25 12:57:13,burkeblack,57:16 Ч :gondock,le tableau
2022-03-25 12:57:22,burkeblack,tonethemoan,yer
2022-03-25 12:57:23,burkeblack,gazra,"* I was wrong, Francai = French"
2022-03-25 12:57:23,burkeblack,57:28 Ч :tonethemoan,kinda
2022-03-25 12:57:31,burkeblack,malloc_iii,was she wearing a bunny outfit ?
2022-03-25 12:57:42,burkeblack,57:49 Ч :ragutis,@Scrapped Thats Le Dressing s'il vous plait
2022-03-25 12:57:51,burkeblack,balthasargpyro,6 cannons a side... hmmm 2 teams one for loading one for firin
2022-03-25 12:57:52,burkeblack,58:16 Ч :gazra,@BurkeBlack France (english) = La France (French)
2022-03-25 12:58:22,burkeblack,58:47 Ч :streamelements,Download Dark Nemesis for free on IOS and Android. Choose your class and join me in the multiverse! https://strms.net/darknemesis_burkeblack
2022-03-25 12:58:52,burkeblack,59:01 Ч :val_tom,humming Nat Geo... me thinks you've been watching it.
2022-03-25 12:59:02,burkeblack,59:07 Ч :pokemonlucario448aura,Hello Sailors!
2022-03-25 12:59:10,burkeblack,rambletonne,missing sea of thieves a little watching this
2022-03-25 12:59:11,burkeblack,the_kraken_bot,"ACTION Merge, level up, and defend your war turf against wave after waves of boss monsters in Random Dice: Defense. Check it out TODAY! https://burke.black/RandomDice Available on iOS and Android."
2022-03-25 12:59:12,burkeblack,59:17 Ч :boss_beard,"What died faster, anthem or bf2042"
2022-03-25 12:59:22,burkeblack,59:28 Ч :gammelfarbror,I so would like to walk around on those ships and look how they built them. They are so nice.
2022-03-25 12:59:30,burkeblack,pokemonlucario448aura,Buttered Corn!
2022-03-25 12:59:31,burkeblack,1mrmiss,"@burkeblack  is there food, water, and beds on the ship"
2022-03-25 12:59:32,burkeblack,59:34 Ч :the_kraken_bot,ACTION Want to keep the conversation going? Join the rest of the crew in Discord! Be sure to download the app here: https://discordapp.com/download and join here: https://discord.gg/DirtySkull burkeFlag
2022-03-25 12:59:34,burkeblack,doc_holliday_xx,2042 lol
2022-03-25 12:59:35,burkeblack,iracerbill39,:rabbit_face:
2022-03-25 12:59:36,burkeblack,59:42 Ч :kam_pcs,Uh... Cap'n... you're not really doing anything... just like Cleetus said...
2022-03-25 12:59:42,burkeblack,59:44 Ч :atiratiki,ya thats a well built vessle @Burke
2022-03-25 12:59:53,burkeblack,situbusit,@iRacerBill39 burkeMug
2022-03-26 12:51:44,burkeblack,arexack,notice the leaad from the front boat has all the guns facing to the rear
2022-03-26 12:51:46,burkeblack,51:46 Ч :danielh10,I can't wait to join on Tuesday
2022-03-26 12:51:46,burkeblack,immoonpie,"Always fun watching you RP, Burke. Takes me back to the Big Momma days"
2022-03-26 12:51:54,burkeblack,52:23 Ч :gammelfarbror,"Burke walking around the harbor inspecting the ships, keeping the peace."
2022-03-26 12:52:30,burkeblack,52:46 Ч :arexack,something sticking outta yer neck there jailor
2022-03-26 12:52:50,burkeblack,52:58 Ч :danielh10,burkeAhh
2022-03-26 12:53:00,burkeblack,53:32 Ч :kagapeme,Oh no was it that poor guy LOL
2022-03-26 12:53:33,burkeblack,53:36 Ч :gammelfarbror,They managed not to kill someone? burkeJail
2022-03-26 12:53:43,burkeblack,53:47 Ч :arexack,"those fingers look realistically frostbitten, bloody and swollen."
2022-03-26 12:53:53,burkeblack,54:01 Ч :the_kraken_bot,ACTION Want to join in on our game server/s? Head to https://lateshift.tv and login to your Twitch  account! burkeHype Join The Late Shift fun TODAY!
2022-03-26 12:54:03,burkeblack,54:51 Ч :arexack,was that big cheese harpooned?
2022-03-26 12:54:53,burkeblack,55:34 Ч :danielh10,burkeButcher
2022-03-26 12:55:34,burkeblack,55:39 Ч :bruvvajosh,lmao
2022-03-26 12:55:40,burkeblack,inquisit0r001,burkePls
2022-03-26 12:55:44,burkeblack,55:49 Ч :arexack,well... helloo there 'fresh meat' ;)
2022-03-26 12:55:50,burkeblack,zagedark,That armor looks pretty cool
2022-03-26 12:55:54,burkeblack,56:16 Ч :valarky,monkaS
2022-03-26 12:56:22,burkeblack,bruvvajosh,monkaS
2022-03-26 12:56:24,burkeblack,56:25 Ч :immoonpie,uhoh
2022-03-26 12:56:34,burkeblack,57:10 Ч :vlaxitov,hahaha
2022-03-26 12:57:14,burkeblack,57:25 Ч :bruvvajosh,LUL
2022-03-26 12:57:27,burkeblack,hazard6s,LUL
2022-03-26 12:57:28,burkeblack,valarky,monkaX
2022-03-26 12:57:33,burkeblack,camhed,lmao
2022-03-26 12:57:34,burkeblack,immoonpie,this gonna take a while
2022-03-26 12:57:35,burkeblack,57:36 Ч :hkadam,this could take a while
2022-03-26 12:57:39,burkeblack,thatxdude88,death by 1000 cuts
2022-03-26 12:57:41,burkeblack,trashhunter1,burkeBooty_SQ burkeSalute burkeBooty_SQ
2022-03-26 12:57:45,burkeblack,57:47 Ч :beastyxpancreas,the brutality!
2022-03-26 12:57:48,burkeblack,hkadam,LUL
2022-03-26 12:57:49,burkeblack,57:53 Ч :wizzo12,lol
2022-03-26 12:57:58,burkeblack,58:00 Ч :inquisit0r001,isnt there gallows in this game? hang him
2022-03-26 12:58:04,burkeblack,3guns888,burkeNuts
2022-03-26 12:58:04,burkeblack,nmia101,KEKLEO
2022-03-26 12:58:08,burkeblack,58:14 Ч :jacqq2,LUL
2022-03-26 12:58:18,burkeblack,58:19 Ч :bruvvajosh,KEKLEO
2022-03-26 12:58:23,burkeblack,hkadam,he's regenerating too lol
2022-03-26 12:58:26,burkeblack,wizzo12,poor guy lol
2022-03-26 12:58:38,burkeblack,zaylias,KEKW
2022-03-26 12:58:39,burkeblack,58:42 Ч :wizzo12,handcuff him put in cage
2022-03-26 12:58:45,burkeblack,danielh10,LUL
2022-03-26 12:58:48,burkeblack,streamelements,Download Dark Nemesis for free on IOS and Android. Choose your class and join me in the multiverse! https://strms.net/darknemesis_burkeblack
2022-03-26 12:58:49,burkeblack :gelatin,58:54 Ч :thatxdude88,face_with_tears_of_joy:
2022-03-26 12:58:59,burkeblack,59:03 Ч :the_kraken_bot,ACTION Turn on (or off) Closed Captions by clicking the CC button on the video player (bottom right). The CC button is only present when captions are available. More info: https://burke.black/CCGuide
2022-03-26 12:59:07,burkeblack,kelsenpai,Mute? Kill'em
2022-03-26 12:59:09,burkeblack,59:11 Ч :the_kraken_bot,"ACTION Merge, level up, and defend your war turf against wave after waves of boss monsters in Random Dice: Defense. Check it out TODAY! https://burke.black/RandomDice Available on iOS and Android."
2022-03-26 12:59:17,burkeblack,kagapeme,Pierre burkeHype
2022-03-26 12:59:19,burkeblack,59:25 Ч :kagapeme,But of course! burkeCreep
2022-03-26 12:59:29,burkeblack,59:31 Ч :wizzo12,guillotine him
2022-03-26 12:59:39,burkeblack,59:41 Ч :inquisit0r001,LOL
2022-03-26 12:59:44,burkeblack,bruvvajosh,LUL
2022-03-26 12:59:46,burkeblack,hkadam,he's already back to 2/3rds
2022-03-26 12:59:49,burkeblack,59:59 Ч :synthwave____,gachiHYPER
2022-03-26 13:00:09,burkeblack,jstubbles,but of couuurrrrrrse
2022-03-26 13:00:09,burkeblack,00:20 Ч :aim2win,"give him to the drink, throw him overboard"
2022-03-26 13:00:29,burkeblack,00:39 Ч :varanid,"sounds like a Frecnh name ... I wonder if Pierre knows the ""Cheeze"" Family"
2022-03-26 13:00:39,burkeblack,00:39 Ч :aim2win,batter his britches and sink him
2022-03-26 13:00:40,burkeblack,inquisit0r001,hang him
2022-03-26 13:00:46,burkeblack,hkadam,how to you rp your mic breaking LUL
2022-03-26 13:00:49,burkeblack,00:54 Ч :skelatori,the peanut gallery in the doorway lol
2022-03-26 13:00:56,"burkeblack :hang him ,adorn your ship with his skull",twistedclub,)
2022-03-26 13:00:58,burkeblack,danielh10,burkeFire3 burkeFire3 burkeShip2
2022-03-26 13:00:59,burkeblack :@HKAdam sand in your throat,01:17 Ч :jstubbles,P
2022-03-26 13:01:20,burkeblack,01:20 Ч :bruvvajosh,I think it's pronounced cheez-ay Kappa
2022-03-26 13:01:27,burkeblack,mortichai,Plank
2022-03-26 13:01:30,burkeblack,01:32 Ч :vlaxitov,dude the french guy is great lol
2022-03-26 13:01:35,burkeblack,deathplatypus1,hangmans noose for him
2022-03-26 13:01:38,burkeblack,soviet666,but of course
2022-03-26 13:01:39,burkeblack,beenjammin83,drop him out in the ocean
2022-03-26 13:01:40,burkeblack,01:43 Ч :inquisit0r001,feed him to the giraffes
2022-03-26 13:01:44,burkeblack,varanid,@BruvvaJosh from the Bordeaux region maybe?
2022-03-26 13:01:45,burkeblack,stonefather,Off with his head NODDERS
2022-03-26 13:01:50,burkeblack,02:06 Ч :m0bbdeepp,tell him the story of the bones on your armor lol
2022-03-26 13:02:10,burkeblack,02:24 Ч :bruvvajosh,drop him in the ocean and see if he survives the swim quackEvil
2022-03-26 13:02:30,burkeblack,02:46 Ч :n0fluxg1ven,buttucky yarse
2022-03-26 13:02:48,burkeblack,aim2win,HUGE BICEPS
2022-03-26 13:02:49,burkeblack,aim2win,WTF\
2022-03-26 13:02:50,burkeblack,02:58 Ч :aim2win,OMG
2022-03-26 13:03:00,burkeblack,03:04 Ч :hkadam,oh no
2022-03-26 13:03:06,burkeblack,hkadam,not the pants
2022-03-26 13:03:11,burkeblack,03:32 Ч :immoonpie,WHAT ARE THESE HEATHEN SOUNDS
2022-03-26 13:03:32,burkeblack,varanid,he clicks like a crab!
2022-03-26 13:03:36,burkeblack,tis1,is atlas a thing again
2022-03-26 13:03:41,burkeblack,03:43 Ч :danielh10,monkaS
2022-03-26 13:03:43,burkeblack,bruvvajosh,monkaS
2022-03-26 13:03:45,burkeblack,azepro,actual insane
2022-03-26 13:03:47,burkeblack,beenjammin83,sounds sad
2022-03-26 13:03:48,burkeblack,rusti002,what?
2022-03-26 13:03:51,burkeblack,03:51 Ч :porkyphill,? he is insane?
2022-03-26 13:03:54,burkeblack,jessicasand,monkaW
2022-03-26 13:03:57,burkeblack,kagapeme,I think he's a little sloggen in the knoggen cap!
2022-03-26 13:03:58,burkeblack,rusti002,pirate joker?
2022-03-26 13:03:59,burkeblack,themadmountainman,burkeYarr burkeP10
2022-03-26 13:04:01,burkeblack,04:03 Ч :the_kraken_bot,ACTION burkeAhoy CREW! BurkeBlack is now partnered with Nitrado burkePog Looking to rent a game server? Check them out: http://burke.black/Nitrado
2022-03-26 13:04:05,burkeblack,synthwave____,gachiHYPER
2022-03-26 13:04:05,burkeblack,stonefather,Yes gachiHYPER
2022-03-26 13:04:06,burkeblack,syrinx69_,@TIS1 this isn't regular atlas
2022-03-26 13:04:11,burkeblack,hkadam,monkaW
2022-03-26 13:04:11,burkeblack,04:20 Ч :wizzo12,oo hes laughing at you loll
2022-03-26 13:04:21,burkeblack,04:21 Ч :doodruid,wait is his head growing with every strike? what the hell
2022-03-26 13:04:25,burkeblack,vlaxitov,"RP servers make games like ARK, Atlas, gta a thing"
2022-03-26 13:04:31,burkeblack,azraesky,hes in pain
2022-03-26 13:04:31,burkeblack,04:37 Ч :bruvvajosh,wtf LUL
2022-03-26 13:04:40,burkeblack,azraesky,LUL
2022-03-26 13:04:41,burkeblack,04:44 Ч :danielh10,peepoShake
2022-03-26 13:04:46,burkeblack,inquisit0r001,FINALLY A HANGING
2022-03-26 13:04:49,burkeblack,camhed,"""i hope we do"" lol"
2022-03-26 13:04:51,burkeblack,04:55 Ч :azraesky,F
2022-03-26 13:04:55,burkeblack,wizzo12,lol
2022-03-26 13:04:57,burkeblack,themadmountainman,crreamKek crreamKek burkeP10 crreamBrows
2022-03-26 13:05:01,burkeblack,05:04 Ч :bruvvajosh,KEKLEO
2022-03-26 13:05:07,burkeblack,the69joke,monkaW
2022-03-26 13:05:11,burkeblack,05:21 Ч :porkyphill,wtf
2022-03-26 13:05:22,burkeblack,05:22 Ч :impskitchen,send him to Davey's locker
2022-03-26 13:05:28,burkeblack,safersephiroth,LUL
2022-03-26 13:05:31,burkeblack,beastyxpancreas,crreamKek
2022-03-26 13:05:32,burkeblack,05:39 Ч :nin373,dump him at sea lol
2022-03-26 13:05:42,burkeblack,05:45 Ч :its_ketsuki,I dont think he knows
2022-03-26 13:05:46,burkeblack,wizzo12,his fingers all bent over lol
2022-03-26 13:05:48,burkeblack,aim2win,aint nobody to boogey with
2022-03-26 13:05:51,burkeblack,mountain_man_mike_,LUL
2022-03-26 13:05:52,burkeblack,05:53 Ч :vlaxitov,keelhaul
2022-03-26 13:05:53,burkeblack,aim2win,except the boogety
2022-03-26 13:06:01,burkeblack,mortichai,Ackward
2022-03-26 13:06:02,burkeblack,kickasus,rofl this is so rediclious fun
2022-03-26 13:06:02,burkeblack,06:04 Ч :syrinx69_,is this like his first rp experience or somethin LUL
2022-03-26 13:06:10,burkeblack,neogreen,sounded like a lil kid lol
2022-03-26 13:06:12,burkeblack,06:36 Ч :vlaxitov,hahaha
2022-03-26 13:06:39,burkeblack,bruvvajosh,"I heard him say ""this is good content"" LUL"
2022-03-26 13:06:40,burkeblack,wizzo12,cool
2022-03-26 13:06:42,burkeblack,06:46 Ч :rool_gonzalez,trying it out on Priest D:
2022-03-26 13:06:46,burkeblack,wizzo12,the french way lol
2022-03-26 13:06:49,burkeblack,inquisit0r001,padre roc? burkePls
2022-03-26 13:06:52,burkeblack,06:53 Ч :deathplatypus1,off with his head
2022-03-26 13:06:57,burkeblack,jstubbles,D:
2022-03-26 13:06:59,burkeblack,danielh10,modCheck
2022-03-26 13:07:00,burkeblack,syrinx69_,lol
2022-03-26 13:07:02,burkeblack,07:06 Ч :kagapeme,Hanging cap hanging burkeKek
2022-03-26 13:07:09,burkeblack,aim2win,that dudes belly
2022-03-26 13:07:09,burkeblack,spudgy,You'd ask for any last words but...
2022-03-26 13:07:11,burkeblack,aim2win,has me going
2022-03-26 13:07:11,burkeblack,hazard6s,L:UL
2022-03-26 13:07:11,burkeblack,wizzo12,all down to yo ugooch
2022-03-26 13:07:12,burkeblack,07:13 Ч :hkadam,but of cyourse
2022-03-26 13:07:13,burkeblack,hazard6s,LUL
2022-03-26 13:07:17,burkeblack,nin373,crreamBlank  lol
2022-03-26 13:07:19,burkeblack,gammelfarbror,"""The power of the Sea compells you! Be gone foul spirit!"""
2022-03-26 13:07:22,burkeblack,07:28 Ч :porkyphill,"he can move but not talk, what is going on"
2022-03-26 13:07:31,burkeblack,syrinx69_,"last words ""this is great conent"""
2022-03-26 13:07:31,burkeblack,wizzo12,bold lol
2022-03-26 13:07:31,burkeblack,synthwave____,monkaTOS
2022-03-26 13:07:32,burkeblack,07:33 Ч :beastyxpancreas,crreamEvil
2022-03-26 13:07:34,burkeblack,syrinx69_,LUL
2022-03-26 13:07:35,burkeblack,immoonpie,LMAO
2022-03-26 13:07:37,burkeblack,danielh10,burkeAhh
2022-03-26 13:07:38,burkeblack,charlatan,ahha
2022-03-26 13:07:39,burkeblack,07:39 Ч :bruvvajosh,LMAO
2022-03-26 13:07:40,burkeblack,impskitchen,burkeKEKW
2022-03-26 13:15:13,burkeblack,xxawwaxx,lol
2022-03-26 13:15:16,burkeblack,draxthos,burkeKEKW burkeKEKW
2022-03-26 13:15:17,burkeblack,shpur,burkeDance3
2022-03-26 13:15:18,burkeblack,evilrais,Got some amazing builders in this group wow!
2022-03-26 13:15:20,burkeblack,dawneylee,I mean who wouldn/t
2022-03-26 13:15:32,burkeblack,shpur,bttvCletusdance burkeDance3 burkeDance2
2022-03-26 13:15:37,burkeblack,varanid,66% of the time - they'll get lost!
2022-03-26 13:15:44,burkeblack,draxthos,burkeWaddle burkeWaddle burkeWaddle
2022-03-26 13:15:46,burkeblack,xunii2,its like the goonies
2022-03-26 13:16:06,burkeblack,inquisit0r001,LOL
2022-03-26 13:16:11,burkeblack,danielh10,NODDERS
2022-03-26 13:16:11,burkeblack,calvagh,LUL
2022-03-26 13:16:12,burkeblack,natsu54134,LUL
2022-03-26 13:16:15,burkeblack,rusti002,LUL
2022-03-26 13:16:15,burkeblack,juicyvox,LUL
2022-03-26 13:16:17,burkeblack,draxthos,burkeKek
2022-03-26 13:16:19,burkeblack,nin373,lol
2022-03-26 13:16:19,burkeblack,nauti76,haha
2022-03-26 13:16:21,burkeblack,shpur,FeelsWalrusMan FluteTime
2022-03-26 13:16:21,burkeblack,haevyrian,LUL
2022-03-26 13:16:29,burkeblack,ninetailedfox1989,what the hell the one guy saying? for the curse? or but orfcurse
2022-03-26 13:16:47,burkeblack,nin373,butter curse
2022-03-26 13:16:49,burkeblack,varanid,gun pwyoder!
2022-03-26 13:16:57,burkeblack,rusti002,@Ninetailedfox1989 butt of horse KEKLEO
2022-03-26 13:16:58,burkeblack,draxthos,burkeClap burkeClap
2022-03-26 13:16:59,burkeblack,f1naln1ghtmare3v3,why the blue guy not sitting
2022-03-26 14:05:53,povodilnik,verrai,’еллоу! «драв€ствуйте все и “ать€на!
2022-03-26 14:06:23,povodilnik,shadowandco,"«дравствуйте, “ать€на и все х)"
2022-03-26 14:06:53,povodilnik,drak0n4eg,“аки шалом)  ’орошей всем игры)
2022-03-26 14:07:00,povodilnik,mingos1234,Ћегас замер?
2022-03-26 14:07:09,povodilnik,shadowandco,” вас мастер поломалс€
2022-03-26 14:07:12,povodilnik,verrai,Ѕлочь мен€ Ѕолт! ѕолностью!
2022-03-26 14:07:14,povodilnik,shadowandco,—делайте ребут
2022-03-26 14:07:15,povodilnik,mingos1234,"не, там камера ок"
2022-03-26 14:08:27,povodilnik,shadowandco,"""я что-то нажала, и всЄ сломалось""(с.)"
2022-03-26 14:09:18,povodilnik,verrai,"” мен€ есть некоторый рассинхрон, но может это мой интернет)"
2022-03-26 14:09:21,povodilnik,shadowandco,"¬сех слышно, хоть € и не јндрей х"
2022-03-26 14:09:23,povodilnik,verrai,я всЄ ещЄ пишу!
2022-03-26 14:09:24,povodilnik,shadowandco,х)
2022-03-26 14:09:57,povodilnik,vil_povodilnik,спасип
2022-03-26 14:10:16,povodilnik,shadowandco,"ѕользу€сь случаем, хочу передать привет моей маме"
2022-03-26 14:10:24,povodilnik,verrai,ѕривет ћаме!
2022-03-26 14:10:29,povodilnik,mega_venik,и нашей!
2022-03-26 14:55:36,povodilnik,shadowandco,¬от это селф-инсерт
2022-03-26 14:57:00,povodilnik,shadowandco,јж на слезу пробило
2022-03-26 16:54:40,povodilnik,shadowandco,“еперь придЄтс€ женитьс€
2022-03-26 17:15:39,povodilnik,shadowandco,ѕресс F
2022-03-26 17:35:21,povodilnik,mega_venik,3к8+5=10
2022-03-26 17:35:44,povodilnik,mega_venik,CoolStoryBob
2022-03-26 17:36:51,povodilnik,shadowandco,"грац, реб€т!"
2022-03-26 17:38:13,povodilnik,shadowandco,"я думал, у вас только √ћ кровожадный, но вы все не подвели <3"
2022-04-02 14:21:17,povodilnik,mingos1234,»звините за теневы внутр€ки)
2022-04-02 14:23:04,povodilnik,solid_dungeon,ооооо ћишан€)
2022-04-02 14:24:56,povodilnik,solid_dungeon,solids25Krln solids25Krln solids25Krln
2022-04-02 14:31:35,povodilnik,mega_venik,какле у тать€ны платье шикарное!
2022-04-02 15:32:34,povodilnik,tritiumtino,это не платье хд
2022-04-02 15:33:09,povodilnik,povodilnik,Ќапишите если кого-нибудь слышите
2022-04-02 15:33:23,povodilnik,verrai,слышим
2022-04-02 16:14:12,povodilnik,s1ard,л€ какие красивые девицы s1ardDawae
2022-04-02 17:18:35,povodilnik,mingos1234,это сколько реакций?)
2022-04-02 17:48:37,povodilnik,mega_venik,"""стою в позе сахарницы... у кра€ дырки"""
2022-04-02 17:48:47,povodilnik,mega_venik,и другие цитаты великих
2022-04-07 19:05:31,povodilnik,verrai,"¬озможно, это голод подсказывает мне, но упорно читаю ѕельмень, вместо ѕламень("
2022-04-07 19:07:34,povodilnik,verrai,ѕоздравлени€!
2022-04-07 19:08:10,povodilnik,vlad_chatsky,поздравл€ем)
2022-04-07 19:10:55,povodilnik,bolt_roleplay,протекционизм детектед)
2022-04-07 19:10:58,povodilnik,bolt_roleplay,звук норм
2022-04-07 19:11:13,povodilnik,nora_rustylizard,Ћегас! ѕоздравл€ю! Ќо еще вернусь в субботу с поздравлени€ми!
2022-04-07 19:11:14,povodilnik,verrai,"«вук, вроде норм. ¬ене погромче говорить."
2022-04-07 19:11:17,povodilnik,nora_rustylizard,«вук нормальный
2022-04-07 19:11:28,povodilnik,bolt_roleplay,ѕетра плохо
2022-04-07 19:11:37,povodilnik,bolt_roleplay,мик к нему надо подвинуть чутка)
2022-04-07 19:11:42,povodilnik,verrai,"ƒа, и ѕетру погромче."
2022-04-07 19:12:04,povodilnik,nora_rustylizard,ќтдельное сердечко передайте ¬ил)
2022-04-07 19:12:40,povodilnik,nora_rustylizard,—пать -- это круто
2022-04-07 19:13:01,povodilnik,nora_rustylizard,ј € наконец-то добралась до ваших стримчанских)
2022-04-07 19:15:01,povodilnik,nora_rustylizard,"ћне тут говор€т, что если ѕасфайндер снова будешь водить -- то есть желающие дополнительно на посмотреть"
2022-04-07 19:16:00,povodilnik,verrai,@nora_rustylizard ј чем принципиально пасфайндерострим отличаетс€ от дндыстрима?)
2022-04-07 19:16:33,povodilnik,nora_rustylizard,"„еловек (новичок-мастер, вырос из моих игроков) начал водить ѕасфайндер)"
2022-04-07 19:17:02,povodilnik,nora_rustylizard,"хочет смотреть при€тные стримы по системе (в любых сеттингах), дл€ лучшего понимани€ и набирани€ опыта"
2022-04-07 19:19:00,povodilnik,mega_venik,ЌаберЄм 20к донатов - сменим систему на патфайндер)
2022-04-07 19:20:40,povodilnik,verrai,"@mega_venik ты, давай на игре сосредоточьс€! те за прошлую сессию надо в два раза круче остальных отыграть!"
2022-04-07 19:23:06,povodilnik,verrai,@nora_rustylizard Ќо ведь главное же —ужет и пырсонажи!
2022-04-07 19:23:54,povodilnik,nora_rustylizard,"ƒл€ мен€ -- да) ј человеку негде посмотреть,как нормально работает ѕасайндер второй) я вот не вожу днд, но прихожу посмотреть ради реб€т и сюжета)"
2022-04-07 19:26:39,povodilnik,bolt_roleplay,¬сегда можно перекатитьс€ в днд:)
2022-04-07 19:27:14,povodilnik,bolt_roleplay,ƒаже критикал рол переехали в начале стримов своих
2022-04-07 19:27:17,povodilnik,nora_rustylizard,"ѕривет, Ѕолт) я щас больше по ѕбта и вот перекатыватьс€ собираюсь на фейт и тфтл)"
2022-04-07 19:27:51,povodilnik,nora_rustylizard,ј то пыл€тс€ на полке
2022-04-07 19:28:35,povodilnik,bolt_roleplay,¬ целом вопрос системы в наше текущее насто€щее кажетс€ не принципиальным: под разные задачи - разные системы.
2022-04-07 20:26:06,povodilnik,pale_fang,ѕриветики
2022-04-07 20:26:55,povodilnik,mega_venik,SirUwU
2022-04-07 20:58:04,povodilnik,nora_rustylizard,"я аж жареного гусика захотела. ’орошо, что у мен€ тут как раз запечЄна€ курочка...."
2022-04-07 21:25:23,povodilnik,mega_venik,ј жареного сапога?)
2022-04-07 21:26:41,povodilnik,nora_rustylizard,ј € знаю эту улыбку)
2022-04-07 21:49:49,povodilnik,nora_rustylizard,Ќормально ржЄте)
2022-04-07 21:49:54,povodilnik,nora_rustylizard,ѕродолайте)
2022-04-07 21:49:59,povodilnik,nora_rustylizard,*продолжайте
2022-04-07 21:54:34,povodilnik,nora_rustylizard,«акинула не на ту цель сначала (
2022-04-07 22:08:50,povodilnik,mrn0y,спасибо
2022-04-07 22:08:55,povodilnik,nora_rustylizard,ƒва донати€ от мен€
2022-04-07 22:09:01,povodilnik,nora_rustylizard,один на јлтею ушел случайно
2022-04-07 22:09:26,povodilnik,nora_rustylizard,а второй ушел на картиночки
2022-04-07 22:09:52,povodilnik,nora_rustylizard,"в общем, мелочь, но надеюсь, что пригодитс€."
2022-04-07 22:10:10,povodilnik,nora_rustylizard,текст на донате: Ќа успокоительное комментатору и увеселительное игрокам
2022-04-07 22:11:01,povodilnik,nora_rustylizard,¬ил така€ прикольна€ с сердечком))
2022-04-07 22:11:58,povodilnik,nora_rustylizard,"Ћегас, еще  раз поздравл€ю с гр€дущей субботой!)"
2022-04-07 22:12:53,povodilnik,nora_rustylizard,покаа!
2022-04-07 22:13:15,povodilnik,mega_venik,SirUwU SirUwU SirUwU
